id;genre;nom;prenom;titre;mail;numero_de_telephone;date_de_naissance
1;false;Directives application Home Loan Account;Dam;Practical Fresh Pants;Metal deposit;Producer;2019-09-29
2;true;Electronics;Soap methodology Albania;Home Namibia;Steel zero administration;Multi-channelled Licensed;2019-09-29
3;false;Cambridgeshire Mississippi;HDD;Table Small Frozen Sausages Planner;envisioneer Music Public-key;infomediaries;2019-09-29
4;true;backing up Salad;Digitized invoice;convergence;Mayotte;Industrial;2019-09-29
5;true;Markets Chief;capacitor archive;sky blue Tasty Plastic Pizza;compress South Georgia and the South Sandwich Islands;compelling mission-critical;2019-09-29
6;false;scalable;Small;deliverables reinvent 24 hour;overriding;monitor 1080p Checking Account;2019-09-29
7;false;Frozen IB;Highway Ergonomic;moratorium moratorium;New York tangible Mississippi;Frozen bus;2019-09-29
8;true;Robust Networked;Poland;Small partnerships;Outdoors;Harbor Montana;2019-09-29
9;true;Phased;Saint Lucia white;Generic neutral Salad;Auto Loan Account modular Refined;digital maroon;2019-09-29
10;true;projection Fresh;support Gorgeous;withdrawal;copying;ability Hat Iraq;2019-09-29
